{
	"Uinstall.Warning.Title": "Uninstall Visual Studio",
	"_Uinstall.Warning.Title.comments": "Title for a warning dialog that the user is about to uninstall the selected components",
	"Uninstall.Warning.Message": "You are about to uninstall the following product:",
	"_Uninstall.Warning.Message.comments": "A warning message that the user is about to uninstall the selected components",
	"Repair.Warning.Title": "Repair Visual Studio",
	"_Repair.Warning.Title.comments": "Title for a warning dialog that the user is about to repair the selected installation",
	"Repair.Warning.Message": "Repairing Visual Studio will reset the environment. Local customizations like per-user extensions and your user settings will be removed. Your synchronized settings will be restored.",
	"_Repair.Warning.Message.comments": "A warning message that the user is about to repair the selected installation",
	"Click.OK.To.Continue.Message": "Click OK to continue.",
	"_Click.OK.To.Continue.Message.comments": "Click OK to continue message",
	"App.Window.Title": "Visual Studio Installer",
	"_App.Window.Title.comments": "Program Title",
	"App.Uninstall.Window.Title": "Uninstall Visual Studio Installer",
	"_App.Uninstall.Window.Title.comments": "Program Title during uninstall",
	"Exit": "Exit",
	"_Exit.comments": "Button label, as in exit the application",
	"Not.Now": "Not now",
	"_Not.Now.comments": "Button label, for delaying a reboot or taking a survey",
	"Update": "Update",
	"_Update.comments": "Button label, as in update this program/product",
	"Export.Button": "Export",
	"_Export.Button.comments": "Button label, as in export this installation config",
	"Export.Configuration": "Export configuration",
	"_Export.Configuration.comments": "Button label, as in export this installation config",
	"Download.Update": "Download, then update",
	"_Download.Update.comments": "Button label, for download then update flow",
	"Import.Button": "Import configuration",
	"_Import.Button.comments": "Button label, as in import an instance configuration",
	"Modify": "Modify",
	"_Modify.comments": "Button label, as in modify this program/product",
	"Retry": "Retry",
	"_Retry.comments": "Button label, as in retry an operation",
	"Remove": "Remove",
	"_Remove.comments": "Button label, as in remove this program/product",
	"Try.Again": "Try again",
	"_Try.Again.comments": "Button label, as in try again to import this file",
	"Review.Details": "Review details",
	"_Review.Details.comments": "A button label suggesting there is a step coming up, as in review details of your installation",
	"Removing.Channel": "Remove {0}",
	"_Removing.Channel.comments": "Title for prompt to remove a channel",
	"Channel.Status": "Status: {0}",
	"_Channel.Status.comments": "The status displayed as a header for a channel of products",
	"ChannelStatus.None": "None",
	"_ChannelStatus.None.comments": "The status is unknown",
	"ChannelStatus.Online": "Online",
	"_ChannelStatus.Online.comments": "The status is online",
	"ChannelStatus.Cached": "Cached",
	"_ChannelStatus.Cached.comments": "The status is cached or on disk",
	"ChannelStatus.CheckingForUpdates": "Checking for updates",
	"_ChannelStatus.CheckingForUpdates.comments": "The status is checking for updates",
	"ChannelStatus.Offline": "Offline",
	"_ChannelStatus.Offline.comments": "The status is offline, or error connecting",
	"ChannelStatus.EngineUpdateRequired": "Update required",
	"_ChannelStatus.EngineUpdateRequired.comments": "The status is an update is required",
	"Channel.Status.Retired": "Retired",
	"_Channel.Status.Retired.comments": "The status when a channel is retired",
	"ChannelStatus.Offline.Global": "We were unable to check for updates for one or more products.",
	"_ChannelStatus.Offline.Global.comments": "A global warning message when checking for updates failed",
	"Reboot.Required.Message": "A restart is required. If needed, any remaining setup will resume automatically after the restart.",
	"_Reboot.Required.Message.comments": "Appears next to 'Restart' button",
	"Cannot.Remove.Channel.Message": "To remove {0}, you'll first need to uninstall the following:",
	"_Cannot.Remove.Channel.Message.comments": "Displayed to the user when they try to remove a channel that contains installed products.;After this message will be a bulleted list of products that they would need to remove.",
	"Restart": "Restart",
	"_Restart.comments": "Button label, as in restart the computer",
	"Launch": "Launch",
	"_Launch.comments": "Button label, as in launch Visual Studio",
	"Install": "Install",
	"_Install.comments": "Button label, as in install Visual Studio",
	"Installed": "Installed",
	"_Installed.comments": "Label, as in the following are installed",
	"Loading.Problem": "Loading Problems",
	"_Loading.Problem.comments": "Message, telling the user that the dialog is loading the problems",
	"Popular.Solutions": "See popular solutions",
	"_Popular.Solutions.comments": "Link text, as in view the popular solutions",
	"Report.Or.Upvote.Problem": "Report this problem",
	"_Report.Or.Upvote.Problem.comments": "Link text, as in view problems to report or up vote",
	"Verified.Solution": "See verified solution",
	"_Verified.Solution.comments": "Link text, as in view the verified solution",
	"View.Log": "View log",
	"_View.Log.comments": "Link text, as in view an error log",
	"View.Problems": "View problems",
	"_View.Problems.comments": "Link text, as in view a problems dialog",
	"Open.Log": "Open the log to find the problems.",
	"_Open.Log.comments": "Link text, as in open an error log",
	"Select.Problem.Message": "Select the problem to troubleshoot with the feedback tool:",
	"_Select.Problem.Message.comments": "Message, telling the user to select a problem to troubleshoot",
	"Failed.To.Open.Log": "Unable to open the log file, {0}",
	"_Failed.To.Open.Log.comments": "Shown in a dialog when the log file cannot be opened;{0}: A file path, eg. C:\\\\Windows\\\\Temp\\\\path.log",
	"Failed.To.Open.Client.Log": "Unable to open the main log file.",
	"_Failed.To.Open.Client.Log.comments": "Shown in a dialog when the log file cannot be opened,",
	"Failed.Package.Action.With.Id": "Couldn't {0} {1}",
	"_Failed.Package.Action.With.Id.comments": "Tells the user an action and package id that failed;example: Couldn't install Microsoft.Some.Package.Id;{0}: the action that the package failed on, example: install or download;{1}: the failed package id",
	"Checking.For.Solutions": "Checking for solutions...",
	"_Checking.For.Solutions.comments": "Message, telling the user to wait while we check if there are solutions",
	"Something.Went.Wrong.Message": "Sorry, something went wrong",
	"_Something.Went.Wrong.Message.comments": "Message, letting the user know that problems were encountered",
	"Do.Not.Edit.Message": "DO NOT EDIT BELOW THIS LINE",
	"_Do.Not.Edit.Message.comments": "Message, letting the user know to not edit below a line",
	"Describe.Issue.Message": "Describe your issue here",
	"_Describe.Issue.Message.comments": "Message, telling the user to put the information about there issue here",
	"Update.Available": "Update available",
	"_Update.Available.comments": "Label, As in there is an update available",
	"Update.Not.Available": "There is no update available.",
	"_Update.Not.Available.comments": "Message, As in there is no update available, the latest version is already installed",
	"Cannot.Perform.Operation.While.Instlling": "It looks like you're installing or modifying another product right now.",
	"_Cannot.Perform.Operation.While.Instlling.comments": "Error message when performing an operation during an install",
	"Please.Wait.Until.Operation.Finished": "Please wait until all other operations are finished and try again.",
	"_Please.Wait.Until.Operation.Finished.comments": "Message telling user to wait til the operation finishes.",
	"Details.Page.Installation.Location": "Location",
	"_Details.Page.Installation.Location.comments": "Label to go to installation locations tab",
	"Installation.Locations.Tab.Link.Aria.Text": "Change...",
	"_Installation.Locations.Tab.Link.Aria.Text.comments": "Aria description to go to installation locations tab",
	"Workload.Help.Default.Text": "Save space by choosing the right workloads.",
	"_Workload.Help.Default.Text.comments": "Message telling the user that choosing the right workloads will save the user space",
	"Workload.Help.Link.Default.Text": "More info",
	"_Workload.Help.Link.Default.Text.comments": "Link text for more info about choosing workloads",
	"More.Information": "More information",
	"More.Troubleshooting.Tips": "More troubleshooting tips",
	"Get.Support": "Get support",
	"Get.Troubleshooting.Tips": "Get troubleshooting tips",
	"Information.Release": "Information about this release",
	"Release.Notes": "Release notes",
	"Release.Notes.AccessibilityText": "{0} release notes",
	"_Release.Notes.AccessibilityText.comments": "{0}: Product name e.g. Visual Studio Enterprise 2019",
	"System.Requirements": "System requirements",
	"Repair": "Repair",
	"NET.Required": ".NET Framework 4.6.1 is required.",
	"Additional.Dependencies.Information": "Information about additional dependencies",
	"Additional.Dependencies.Installed": "Additional dependencies may be installed.",
	"Finishing": "Finishing up",
	"_Finishing.comments": "Progress message, Conveys that the operation is almost done.",
	"Status.Setup.Fail.Error": "Sorry, the installation failed. Please restart your computer and try again.",
	"Status.Setup.Complete": "Success! Please restart your computer before you start Visual Studio.",
	"Status.Setup.Fail.Details": "Details of the failure can be found in the log file.",
	"Status.Setup.Fail.Details.2": "Try resetting this installation and reinstalling.",
	"Status.Critical.Error": "Sorry, the installation failed. Please try again.",
	"Status.Network.Error": "You may not be connected to the network",
	"Check.Back.For.Updates": "Check back often for new tools that support your favorite development activities.",
	"Wait.For.Load.Products": "Your products are loading.",
	"Failed.To.Load.Products": "Sorry, the product definitions failed to load.",
	"Remove.VS": "Remove Visual Studio Installer and associated installations of Visual Studio?",
	"Component.Update.Available": "An update for {0} or one of its components is available.",
	"_Component.Update.Available.comments": "{0}: Visual Studio build",
	"Install.Size.Other.Drive.Label": "Other drives {0}",
	"_Install.Size.Other.Drive.Label.comments": "This is used to show install size sum of all other drives except System drive;{0}: The file size in MB/GB. e.g Other drives: 350 GB",
	"Total.Install.Size": "Total space required {0}",
	"_Total.Install.Size.comments": " This is used to show total disk size required for installation.;{0}: The file size in MB/GB. e.g Install Size: 350 GB",
	"Calculating.Size.Text": "Calculating size",
	"_Calculating.Size.Text.comments": " This is used as accessiblity text while total disk size is being calculated.;{0}: The file size in MB/GB. e.g Install Size: 350 GB",
	"Install.Size.Estimated": "Install size: {0} (estimated)",
	"_Install.Size.Estimated.comments": "{0}: The file size in GB. e.g 350GB",
	"Available": "Available",
	"_Available.comments": "Group header, as in Available Products",
	"Downloading.Installer.Update": "Downloading {0}",
	"_Downloading.Installer.Update.comments": "{0}: name of installer",
	"Update.Required": "Please update {0} before proceeding.",
	"_Update.Required.comments": "{0}: name of installer",
	"Update.Download.Failed": "The {0} update failed to download.",
	"_Update.Download.Failed.comments": "{0}: name of installer",
	"Install.Item": "Install {0}",
	"_Install.Item.comments": "{0}: name of component",
	"Modify.Item": "Modify {0}",
	"_Modify.Item.comments": "{0}: name of component",
	"Restore.Down.Button.Title": "Restore down",
	"_Restore.Down.Button.Title.comments": "Button title, as in restore window down tooltip",
	"Maximize.Button.Title": "Maximize",
	"_Maximize.Button.Title.comments": "Button title, as in maximize window tooltip",
	"Select.All": "Select all",
	"_Select.All.comments": "As in select all components",
	"Not.Connected": "You may not be connected to the network.",
	"Installer.Running": "Another instance of {0} is running.",
	"_Installer.Running.comments": "{0}: the localized title \\\"Visual Studio Installer\\\"",
	"Error.Uninstalling": "Error uninstalling {0}",
	"_Error.Uninstalling.comments": "{0}: some Visual Studio dependency",
	"Report.Problem": "Report a problem",
	"_Report.Problem.comments": "As in, Report a problem that your are experiencing.",
	"Provide.Suggestion": "Provide a suggestion",
	"_Provide.Suggestion.comments": "As in, Provide a suggestion to improve our program.",
	"Browse": "Browse",
	"_Browse.comments": "Label, as in browse for file location",
	"Directory.Placeholder": "Select a directory",
	"_Directory.Placeholder.comments": "Placeholder text for directory selection textbox.",
	"Dialog.Name": "Microsoft Visual Studio - Report a problem",
	"_Dialog.Name.comments": "Title for Report a problem page",
	"Text.Area.Name": "Tell us about your problem :",
	"Text.Area.Place.Holder": "Describe your experience",
	"_Text.Area.Place.Holder.comments": "Describe your experience with this program",
	"Email.Place.Holder": "Optional email address",
	"Privacy.Link.Text": "Your privacy is important to us",
	"Send": "Send",
	"_Send.comments": "Button label, as in send feedback",
	"ExitCodes.VS.Is.Running": "This operation could not be completed because Visual Studio is still running. Please close Visual Studio and try again.",
	"ExitCodes.Install.Invalid.Signature": "The installation failed due to improperly signed packages.",
	"ExitCodes.Uninstall.Directory.Is.Not.Empty": "The installation directory could not be removed.",
	"Setup.Operation.Failed": "Setup operation failed",
	"Launch.Failed": "Launch failed.",
	"_Launch.Failed.comments": "As in: Launching Visual Studio has failed.",
	"Path.Exceeds.Max.Length": "Your path name is too long. The full destination path needs to be shorter than {0} characters.",
	"_Path.Exceeds.Max.Length.comments": "{0}: number of characters",
	"Uninstall": "Uninstall",
	"_Uninstall.comments": "Button label, as in uninstall Visual Studio",
	"Continue": "Continue",
	"_Continue.comments": "Button label for continuing",
	"Abort": "Abort",
	"_Abort.comments": "Button label for dismissing a dialog box",
	"OK": "OK",
	"_OK.comments": "Button label for dismissing a dialog box",
	"Proceed": "Continue",
	"_Proceed.comments": "Button label for proceeding",
	"Cancel": "Cancel",
	"_Cancel.comments": "Button label, as in cancel Visual Studio installation",
	"Yes": "Yes",
	"_Yes.comments": "Button label for accepting a yes/no prompt",
	"No": "No",
	"_No.comments": "Button label for declining a yes/no prompt",
	"DontShowAgain": "Don't show this message again",
	"_DontShowAgain.comments": "Label for a \\\"Don't show this again\\\" checkbox",
	"Pausing": "Pausing operations for {0}",
	"_Pausing.comments": "{0}: a product name",
	"Uninstalling": "Uninstalling {0}",
	"_Uninstalling.comments": "{0}: a product name",
	"Installing": "Installing {0}",
	"_Installing.comments": "{0}: a product name",
	"Updating": "Updating {0}",
	"_Updating.comments": "{0}: a product name",
	"Repairing": "Repairing {0}",
	"_Repairing.comments": "{0}: a product name",
	"Modifying": "Modifying {0}",
	"_Modifying.comments": "{0}: a product name",
	"Finished.Uninstalling": "Finished uninstalling {0}",
	"_Finished.Uninstalling.comments": "{0}: a product name",
	"Finshed.Installing": "Finished installing {0}",
	"_Finshed.Installing.comments": "{0}: a product name",
	"Finished.Updating": "Finished updating {0}",
	"_Finished.Updating.comments": "{0}: a product name",
	"Finished.Repairing": "Finished repairing {0}",
	"_Finished.Repairing.comments": "{0}: a product name",
	"Finished.Modifying": "Finished modifying {0}",
	"_Finished.Modifying.comments": "{0}: a product name",
	"DetailsPage.Title.Installing": "Installing — {0} — {1}",
	"_DetailsPage.Title.Installing.comments": "{0}: Some Visual Studio product name;{1}: The version of that product",
	"DetailsPage.Title.Modifying": "Modifying — {0} — {1}",
	"_DetailsPage.Title.Modifying.comments": "{0}: Some Visual Studio product name;{1}: The version of that product",
	"DetailsPage.Title.Exporting": "Exporting — {0} — {1}",
	"_DetailsPage.Title.Exporting.comments": "Exporting",
	"Export.Will.Overwrite": "A configuration file already exists and will be overwritten.",
	"_Export.Will.Overwrite.comments": "Hint suggesting that the file will be overwritten",
	"Workloads.Header": "Workloads",
	"_Workloads.Header.comments": "The header for a list of product workloads.",
	"Individual.Components.Header": "Individual components",
	"_Individual.Components.Header.comments": "The header for a list of individual components.",
	"Workloads.And.Individual.Components.Header": "Workloads and individual components",
	"_Workloads.And.Individual.Components.Header.comments": "Text for a list of workloads and individual components.",
	"Language.Packs": "Language packs",
	"_Language.Packs.comments": "Title for Language Packs Tab",
	"Installation.Locations": "Installation locations",
	"_Installation.Locations.comments": "Title for Language Packs Tab",
	"Installation.details": "Installation details",
	"_Installation.details.comments": "a sub heading for a section of UI",
	"Configuration.Details": "Configuration details",
	"_Configuration.Details.comments": "a sub heading for a section of UI",
	"Summary": "Summary",
	"Error.Message.Prefix": "Error:  ",
	"Messagebus.Prefix": "Before we get started:",
	"Warning.Message.Prefix": "Warning:  ",
	"MidInstallDownloadWarning.Message.Prefix": "An installation file didn’t download",
	"MidInstallInstallWarning.Message.Prefix": "Installation couldn’t continue",
	"At.Most.One.Command.Parameter": "At most one command parameter can be specified",
	"Install.Channel.Uri.Requires.Channel.Uri": "The --installChannelUri options requires that the --channelUri option also be specified",
	"Channel.Uri.Requires.Argument": "The --channelUri option requires an argument unless --installChannelUri is specified",
	"Command.And.Other.Command.Mutually.Exclusive": "The --{0} and --{1} options cannot be used at the same time",
	"_Command.And.Other.Command.Mutually.Exclusive.comments": "A command is mutually exclusive with another command.;The double hyphens (--) are required to be recognized by the command line parser.;{0}: name of command;{1}: name of other command",
	"Product.Id.Requires.Channel.Id": "The --{0} option requires the --{1} option",
	"_Product.Id.Requires.Channel.Id.comments": "{0} and {1}: parameter names",
	"Parameter.Cannot.Have.A.Value": "The --{0} option cannot have a value ({1})",
	"_Parameter.Cannot.Have.A.Value.comments": "{0}: parameter name;{1}: parameter value",
	"Multiple.Instances.Of.A.Single.Instance.Parameter": "The --{0} option cannot be specified more than once",
	"_Multiple.Instances.Of.A.Single.Instance.Parameter.comments": "{0}: a parameter name",
	"Unrecognized.Option": "Unrecognized option: {0}",
	"_Unrecognized.Option.comments": "{0}: a command line option",
	"Unrecognized.Option.In.Response.File": "Unrecognized option in response file: {0}",
	"_Unrecognized.Option.In.Response.File.comments": "{0}: a command line option",
	"Missing.Option.Value": "Missing option value: {0}",
	"_Missing.Option.Value.comments": "{0}: a command line option",
	"Unsupported.Option.In.Response.File": "Unsupported option in response file: {0}",
	"_Unsupported.Option.In.Response.File.comments": "{0}: a command line option",
	"Ignored.Option.For.Command": "The \"--{0}\" option is ignored for the \"{1}\" command",
	"_Ignored.Option.For.Command.comments": "{0}: a command line option, {1}: a command line command",
	"Ignored.Option.For.Command.With.Install.Path": "The \"--{0}\" option is ignored for the \"{1}\" command when \"--installPath\" is specified",
	"_Ignored.Option.For.Command.With.Install.Path.comments": "{0}: a command line option, {1}: a command line command",
	"NoRestart.Option.Ignored": "The \"--norestart\" option is ignored if one of \"--passive\" or \"--quiet\" is not also specified.",
	"_NoRestart.Option.Ignored.comments": "The \\\"--norestart\\\", \\\"--passive\\\" and \\\"--quiet\\\" strings should not be localized",
	"Removing.Required.Components.Title": "Removing components",
	"Removing.Required.Components": "It looks like you're trying to remove a component that's required by the following:",
	"Removing.Required.Workload.Title": "Removing required workload",
	"Removing.Required.Workload": "This workload is required and cannot be removed:",
	"Continue.To.Remove.Component": "If you continue, we'll remove the component and any items listed above that depend on it.",
	"No.Matching.Product": "A product matching the following parameters cannot be found:",
	"No.Matching.Installed.Product": "An installed product matching the following parameters cannot be found:",
	"Format.Parameter": "{0}:  {1}",
	"_Format.Parameter.comments": "{0} is the parameter name, {1} is the parameter value",
	"License.Link.Text": "License terms",
	"_License.Link.Text.comments": "The link text displayed to view a license",
	"Uncategorized": "Uncategorized",
	"_Uncategorized.comments": "Uncategorized is a title header for a list of uncategorized items",
	"Accept": "Accept",
	"_Accept.comments": "Button Label, as in accept the license terms",
	"View.License.Terms.Link.Text": "View license terms",
	"_View.License.Terms.Link.Text.comments": "The link text displayed to view a license",
	"License.Acceptance.Disclaimer": "We offer you the ability to download other Microsoft and third-party software with Visual Studio, so you don't have to install it separately. This software comes with separate license terms. Please note that the third-party software doesn't come from Microsoft but is downloaded from third-party sites, and the licenses for that software are granted by third parties, not Microsoft. By proceeding with this installation, you agree to the license terms for the Microsoft and third-party software you have selected.",
	"_License.Acceptance.Disclaimer.comments": "Text, as in agreeing to license terms",
	"Nickname.Label.Text": "Installation nickname",
	"_Nickname.Label.Text.comments": "Label for the nickname field on the install dialog",
	"Invalid.Product.Key.Error": "Invalid product key: {0}",
	"_Invalid.Product.Key.Error.comments": "Error to show if the user provides an invalid product key",
	"Summary.Pane.License.Text.Formatted": "By continuing, you agree to the <a tabindex='0' href='' class='{0}'>license</a> for the Visual Studio edition you selected. We also offer the ability to download other software with Visual Studio. This software is licensed separately, as set out in the <a tabindex='0' href='' class='{1}'>3rd Party Notices</a> or in its accompanying license. By continuing, you also agree to those licenses.",
	"_Summary.Pane.License.Text.Formatted.comments": "License footer text with HTML formatting. Text must match summaryPaneLicensePlainText.",
	"Summary.Pane.License.Text.Plain.Text": "By continuing, you agree to the license for the Visual Studio edition you selected. We also offer the ability to download other software with Visual Studio. This software is licensed separately, as set out in the 3rd Party Notices or in its accompanying license. By continuing, you also agree to those licenses.",
	"_Summary.Pane.License.Text.Plain.Text.comments": "License footer text as plain text. Text must match summaryPaneLicenseTextFormatted",
	"Download.And.License.Terms.Header": "Download and license terms",
	"_Download.And.License.Terms.Header.comments": "Title, as in show download and license terms",
	"Close.Banner": "Close banner",
	"Close.Button.Title": "Close",
	"_Close.Button.Title.comments": "Button title, as in close window tooltip",
	"Minimize.Button.Title": "Minimize",
	"_Minimize.Button.Title.comments": "Button title, as in minimize window tooltip",
	"Options.Menu.Title": "Additional choices",
	"_Options.Menu.Title.comments": "Menu title, as in menu for uninstalling an installed product",
	"Provide.Feedback.Menu.Title": "Provide feedback",
	"_Provide.Feedback.Menu.Title.comments": "Menu title, as in menu for providing feedback",
	"Components.Included.Aria.Text": "Included components",
	"_Components.Included.Aria.Text.comments": "Aria description, as in heading for components included in a workload",
	"Optional.Components.Aria.Text": "Optional components",
	"_Optional.Components.Aria.Text.comments": "Aria description, as in heading for optional components",
	"Optional.Header": "Optional",
	"_Optional.Header.comments": "Optional is a title string for optional components",
	"Included.Header": "Included",
	"_Included.Header.comments": "Included is a title string for included components",
	"Reboot.Required.Title": "Reboot required",
	"_Reboot.Required.Title.comments": "Title for a dialog warning the user they need to reboot",
	"PostInstall.Reboot.Message": "Success! One more step to go. Please restart your computer before you start {0}.",
	"_PostInstall.Reboot.Message.comments": "Message explaining that a reboot is required after installing, {0} is the product name",
	"Workload.Unavailable": "Unavailable",
	"_Workload.Unavailable.comments": "Message indicating that the workload is unavailable for installation.",
	"Workload.Unavialable.Reasons": "This workload is unavailable right now.",
	"_Workload.Unavialable.Reasons.comments": "Message that communicates the reasons a workload is unavilable for installation.",
	"Invalid.Channel.Id": "Unable to locate channel, ID = \"{0}\"",
	"_Invalid.Channel.Id.comments": "Message explaining that an installation channel cannot be located, {0} is the channel ID",
	"Invalid.Product.Id": "Unable to locate product, ID = \"{0}\"",
	"_Invalid.Product.Id.comments": "Message explaining that an installation product cannot be located, {0} is the product ID",
	"Install.Requires.Channel.Id.And.Product.Id": "The install command requires the --channelId and --productId options",
	"Command.Requires.InstallPath.Or.Channel.Id.And.Product.Id": "The {0} command requires --installPath, or --channelId and --productId",
	"_Command.Requires.InstallPath.Or.Channel.Id.And.Product.Id.comments": "{0}: command name",
	"Command.Requires.InstallPath": "The {0} command requires --installPath",
	"_Command.Requires.InstallPath.comments": "{0}: command name",
	"As.Percentage": "{0}%",
	"_As.Percentage.comments": "Convert the integer number into a percentage.",
	"Please.Wait": "Please wait",
	"Unsupported.Options.On.Command.Line": "Unsupported option: {0}",
	"_Unsupported.Options.On.Command.Line.comments": "The option that was passed on the command line is invalid",
	"Unsupported.Command.On.Command.Line": "Unsupported command: {0}",
	"_Unsupported.Command.On.Command.Line.comments": "The command that was passed on the command line is invalid",
	"Chinese.Simplified": "Chinese (Simplified)",
	"_Chinese.Simplified.comments": "Simplifed Chinese Language",
	"Chinese.Traditional": "Chinese (Traditional)",
	"_Chinese.Traditional.comments": "Traditional Chinese Language",
	"Czech": "Czech",
	"_Czech.comments": "Czech Language",
	"German": "German",
	"_German.comments": "German Language",
	"English": "English",
	"_English.comments": "English Language",
	"Spanish": "Spanish",
	"_Spanish.comments": "Spanish Language",
	"French": "French",
	"_French.comments": "French Language",
	"Italian": "Italian",
	"_Italian.comments": "Italian Language",
	"Japanese": "Japanese",
	"_Japanese.comments": "Japanese Language",
	"Korean": "Korean",
	"_Korean.comments": "Korean Language",
	"Polish": "Polish",
	"_Polish.comments": "Polish Language",
	"Portuguese.Brazil": "Portuguese (Brazil)",
	"_Portuguese.Brazil.comments": "Portuguese (Brazil)",
	"Russian": "Russian",
	"_Russian.comments": "Russian Language",
	"Turkish": "Turkish",
	"_Turkish.comments": "Turkish Language",
	"Choose.Your.Language.Pack": "Choose your language pack",
	"Products.Tab.Name": "Products",
	"_Products.Tab.Name.comments": "Tab name for home page",
	"Customize.Install": "Customize",
	"_Customize.Install.comments": "The button label that enables the user to customize a pre-configured installation.",
	"Feature.Not.Available.Offline": "This feature is not available offline.",
	"_Feature.Not.Available.Offline.comments": "The text displayed when a feature is not available offline",
	"Specify.Help.To.View.Options": "Specify \"--help\" to view all options",
	"_Specify.Help.To.View.Options.comments": "Shown to the user if they make an error on the command line, ;telling them to specify '--help' to view additional options.;Note that '--help' should not be localized.",
	"Focused.Ui.Reason": "Visual Studio will close and reopen. The operation may require your computer to restart.",
	"_Focused.Ui.Reason.comments": "Describes why the user is seeing the focused UI.;The focused UI is presented when the user is guided to install components required for a better experience.",
	"Focused.Ui.Reason.Install": "We'll install the frameworks, SDKs, and tools that you'll need. You can add more later with the Visual Studio Installer.",
	"_Focused.Ui.Reason.Install.comments": "Describes why the user is seeing the focused UI to install a new product.;The focused UI is presented when the user is guided to install components required for a better experience.",
	"Remove.Channel": "Remove {0}",
	"_Remove.Channel.comments": "Tooltip on button to remove a channel",
	"Welcome.Title": "Welcome!",
	"_Welcome.Title.comments": "Title for section that invites users to explore more about Visual Studio.",
	"Install.Drive.Change.Suggestion.Title": "Do you want to change the default installation drive?",
	"_Install.Drive.Change.Suggestion.Title.comments": "Title of dialog that suggests to change other locations like download cache, shared path.",
	"Install.Drive.Change.Suggestion.Message": "​You're installing the Visual Studio core product on drive {0}. Do you also want to make drive {0} the default location for your download cache and shared components?",
	"_Install.Drive.Change.Suggestion.Message.comments": "A message that suggests to change other locations like download cache, shared path.;{0} : This is used to replace with drive letter of target installation path;e.g. D. ​You're installing the Visual Studio core product on drive D. Do you also want to make drive D the default location for your download cache and shared components?",
	"Package.Cache.Header": "Download cache",
	"_Package.Cache.Header.comments": "Header text for settings related package cache",
	"Package.Cache.Flag.Label": "Keep download cache after the installation",
	"_Package.Cache.Flag.Label.comments": "Checkbox lable for selectting keep package cache",
	"Package.Cache.Path.Accessibility": "Download cache path",
	"_Package.Cache.Path.Accessibility.comments": "Accessibility text for package cache path textbox",
	"Installation.Path.Accessibility": "Installation path",
	"_Installation.Path.Accessibility.comments": "Accessibility text for installation path textbox",
	"Package.Cache.Information.Tip.Text": "Visual Studio uses this location to download installation\nfiles. You can choose not to keep the download cache after\ninstallation, but you'll have to download these files again\nif you update, modify, or uninstall the product. This location\ncan only be set the first time Visual Studio is installed.",
	"_Package.Cache.Information.Tip.Text.comments": "section explaining use of download cache;Note: The newlines should be after about 55 characters in the localized string and should break between words",
	"Welcome.Body": "<div style='margin-bottom: 16px' tabindex='0' aria-labelledby='welcome-body-header'>\\\r\n                <span id='welcome-body-header'>\\\r\n                    We invite you to go online to hone your skills and find additional tools to support\\\r\n                    your development workflow.\\\r\n                </span>\\\r\n            </div>\\\r\n            <div style='display: flex; align-items: center'>\\\r\n                <svg width='24px' height='24px' xmlns='http://www.w3.org/2000/svg' viewBox='0 0 16 16'><style>.icon-canvas-transparent{opacity:0;fill:#f6f6f6}.icon-vs-out{fill:#f6f6f6}.icon-vs-bg{fill:#424242}</style><path class='icon-canvas-transparent' d='M16 16H0V0h16v16z' id='canvas'/><path class='icon-vs-out' d='M8 2.425L0 5.092v1.441l1 .333V13h3v-.761c.831.74 2.173 1.256 4 1.256 3.282 0 5-1.664 5-3.308V7.533l3-1V5.092L8 2.425z' id='outline'/><path class='icon-vs-bg' d='M12 7.798v2.39c0 1.119-1.402 2.308-4 2.308s-4-1.188-4-2.308v-2.39l4 1.25 4-1.25zM2 7.173V12.5h1V7.485l-1-.312zm6-3.694L1 5.813 8 8l7-2.188-7-2.333z' id='iconBg'/></svg>\\\r\n                <a style='font-size: 1rem; -webkit-margin-start: 7px;' href='https://aka.ms/willowlearn'>Learn</a>\\\r\n            </div>\\\r\n            <div style='margin: 4px 0px 20px; -webkit-margin-start: 32px;' tabindex='0' aria-labelledby='welcome-body-learn-text'>\\\r\n                <span id='welcome-body-learn-text'>\\\r\n                    Whether you're new to development or an experienced developer, we\\\r\n                    have you covered with our tutorials, videos, and sample code.\\\r\n                </span>\\\r\n            </div>\\\r\n            <div style='display: flex; align-items: center'>\\\r\n                <svg width='24px' height='24px' xmlns='http://www.w3.org/2000/svg' viewBox='0 0 16 16'><style>.icon-canvas-transparent{opacity:0;fill:#f6f6f6}.icon-vs-out{fill:#f6f6f6}.icon-vs-bg{fill:#424242}.icon-vs-fg{fill:#f0eff1}</style><path class='icon-canvas-transparent' d='M16 16H0V0h16v16z' id='canvas'/><path class='icon-vs-out' d='M4.663 16C3.145 16 2 14.796 2 13.2V3h2.055c.292-1.727 1.7-3 3.445-3 .509 0 1 .106 1.447.311a3.614 3.614 0 0 1 1.386-.278A3.674 3.674 0 0 1 13.933 3H15v10.2c0 1.675-1.005 2.8-2.5 2.8H4.663zm8.349-2.64z' id='outline'/><path class='icon-vs-fg' d='M13 13.2c0 .8-.363.8-.5.8s-.5 0-.5-.8V5h1v8.2z' id='iconFg'/><path class='icon-vs-bg' d='M13 4v-.3a2.67 2.67 0 0 0-2.667-2.667c-.508 0-.989.147-1.411.414A2.42 2.42 0 0 0 7.5 1C6.03 1 5 2.196 5 3.667V4H3v9.2c0 1.043.699 1.8 1.663 1.8H12.5c.925 0 1.5-.689 1.5-1.8V4h-1zm-1-.3V4h-2v-.333c0-.535-.139-1.031-.383-1.449a1.63 1.63 0 0 1 .716-.184A1.668 1.668 0 0 1 12 3.7zm-6-.033C6 2.748 6.581 2 7.5 2S9 2.748 9 3.667V4H6v-.333zm7 9.533c0 .8-.363.8-.5.8s-.5 0-.5-.8V5h1v8.2z' id='iconBg'/></svg>\\\r\n                <a style='font-size: 1rem; -webkit-margin-start: 7px;' href='https://aka.ms/willowmarketplace'>Marketplace</a>\\\r\n            </div>\\\r\n            <div style='margin: 4px 0px 20px; -webkit-margin-start: 32px;' tabindex='0' aria-labelledby='welcome-body-marketplace-text'>\\\r\n                <span id='welcome-body-marketplace-text'>\\\r\n                    Use Visual Studio extensions to add support for new technologies,\\\r\n                    integrate with other products and services, and fine-tune your experience.\\\r\n                </span>\\\r\n            </div>\\\r\n            <div style='font-size: 1rem; vertical-align: bottom; margin-bottom: 4px' tabindex='0' aria-labelledby='welcome-body-help-text'>\\\r\n                <span id='welcome-body-help-text'>\\\r\n                    Need some help?\\\r\n                </span>\\\r\n            </div>\\\r\n            <div style='margin-bottom: 22px' tabindex='0' aria-labelledby='welcome-body-developer-community-text'>\\\r\n                <span id='welcome-body-developer-community-text'>\\\r\n                    Check out the <a class='intext-link' href='https://go.microsoft.com/fwlink/?linkid=834731'>Microsoft Developer Community</a>\\\r\n                    where developers provide feedback and answers to many common problems.\\\r\n                </span>\\\r\n            </div>\\\r\n            <div tabindex='0' aria-labelledby='welcome-body-visual-studio-support'>\\\r\n                <span id='welcome-body-visual-studio-support'>\\\r\n                    Get help from Microsoft at <a class='intext-link' href='https://go.microsoft.com/fwlink/?linkid=834732'>Visual Studio Support</a>.\\\r\n                </span>\\\r\n            </div>",
	"_Welcome.Body.comments": "Section that invites users to explore more about Visual Studio.;The html formatting and links should not be localized, ignore the escape character (\\\\).",
	"Focused.Window.Completed": "The installation has completed.",
	"_Focused.Window.Completed.comments": "The message displayed after the product has been updated from the focused UI window.",
	"Kilobytes": "{0} KB",
	"_Kilobytes.comments": "The shorthand for kilobytes.;{0}: The size in Kilobytes",
	"Megabytes": "{0} MB",
	"_Megabytes.comments": "The shorthand for Megabytes.;{0}: The size in Megabytes",
	"Gigabytes": "{0} GB",
	"_Gigabytes.comments": "The shorthand for gigabytes.;{0}: The size in gigabytes",
	"Terabytes": "{0} TB",
	"_Terabytes.comments": "The shorthand for terabytes.;{0}: The size in terabytes",
	"Process.Is.Running.Error": "Please close all instances of {0} before proceeding with this operation.",
	"_Process.Is.Running.Error.comments": "Message to the user that the operation cannot be completed until the process {0} is closed.",
	"Partial.Product.Error.Text": "Click retry to continue.",
	"_Partial.Product.Error.Text.comments": "The setup operation didn't complete",
	"Setup.Completed.With.Warnings": "Setup completed with warnings",
	"_Setup.Completed.With.Warnings.comments": "Setup encountered warnings during the install",
	"Setup.Failed": "Setup failed",
	"_Setup.Failed.comments": "Setup operation failed",
	"Click.To.Update.Product": "Click \"{0}\" to update to version {1}.",
	"_Click.To.Update.Product.comments": "An installed product has an update availble.;{0}: update button text;{1}: the version the update will go to",
	"Product.Is.Already.Installed": "{0} is already installed.",
	"_Product.Is.Already.Installed.comments": "A product is already installed;{0}: the name of the product",
	"Uninstall.Preview.Title": "Uninstall Visual Studio 2017 Preview",
	"_Uninstall.Preview.Title.comments": "Preview upgrade to RC is blocked. The user may only uninstall installations.",
	"Uninstall.Preview.Message": "We’ve detected that you have a preview build of Visual Studio 2017 installed on your machine. In order to install an updated version of Visual Studio 2017 we must first completely remove all components of the preview version.",
	"_Uninstall.Preview.Message.comments": "Preview upgrade to current Visual Studio is blocked.;The user may only uninstall preview installations.",
	"Uninstall.Preview": "Remove Preview",
	"_Uninstall.Preview.comments": "Preview upgrade to current Visual Studio is blocked.;Button label corresponding to the above uninstallPreviewMessage.",
	"Elevation.Required.Title": "Elevation Required",
	"_Elevation.Required.Title.comments": "Title for dialog informing the user that this program requires admin permissions",
	"Elevation.Required.Message": "This program requires administrator privileges to perform setup operations. Please rerun the program as administrator.",
	"_Elevation.Required.Message.comments": "Message informing the user that this program requires admin permissions",
	"Unable.To.Update.Title": "Unable to update {0}",
	"_Unable.To.Update.Title.comments": "The title of the error message displayed when we are unable to update a product;{0}: the name of the product",
	"Installation.Operation.Is.Running": "An installation operation is currently running.",
	"_Installation.Operation.Is.Running.comments": "The installer service is busy running an installation operation",
	"Installation.Succeeded": "Installation succeeded!",
	"Installer.Service.Is.Disposed": "The setup service has unexpectedly been disposed.",
	"_Installer.Service.Is.Disposed.comments": "The installer service has unexpectedly been disposed.",
	"Default.Dialog.Button.Description": "Press enter to activate the {0} button and proceed",
	"_Default.Dialog.Button.Description.comments": "Text describing the default button on a dialog",
	"Update.To": "Update to {0}",
	"_Update.To.comments": "Update to *specified version*",
	"Acquiring.Package.Message": "Acquiring...",
	"_Acquiring.Package.Message.comments": "Progress message shown when downloading",
	"Applying.Package.Message": "Applying {0}",
	"_Applying.Package.Message.comments": "Progress message shown when installing/uninstalling a package",
	"Uninstalling.Package.Message": "{0}",
	"_Uninstalling.Package.Message.comments": "Progress message shown when uninstalling a package",
	"Waiting.For.Package.Message": "Waiting for {0}",
	"_Waiting.For.Package.Message.comments": "Progress message shown when waiting on a package to finish.",
	"Waiting.For.Pause.Informative.Message": "This might take a few minutes to finish.",
	"_Waiting.For.Pause.Informative.Message.comments": "Informative message shown when waiting on a package to finish before pause.",
	"Waiting.For.Downloads.Message": "The installation will start after all of your packages have been downloaded.",
	"_Waiting.For.Downloads.Message.comments": "Progress message shown when waiting for downloads to finish.",
	"Pausing.Operation": "Pausing operation",
	"_Pausing.Operation.comments": "Progress message while an operation is being paused",
	"Starting.Operation": "Starting operation",
	"_Starting.Operation.comments": "Progress message while operation is starting",
	"Finished.Acquiring.Packages": "Finished acquiring packages",
	"_Finished.Acquiring.Packages.comments": "Progress message to show when acquiring is finished",
	"Downloads.Stopped": "Downloads stopped",
	"_Downloads.Stopped.comments": "Progress message to show when downloads are paused",
	"Applied.Progress.Label": "{0}% applied",
	"_Applied.Progress.Label.comments": "Label used for progress bar showing (%) applied",
	"Acquired.Progress.Label": "{0}% acquired",
	"_Acquired.Progress.Label.comments": "Label used for progress bar showing (%) acquired",
	"Download.Progress.Percent": "{0}% downloaded.",
	"_Download.Progress.Percent.comments": "Message used for accessibility to read out the (%) downloaded. e.g. 10% downloaded.",
	"Install.Progress.Percent": "{0}% installed.",
	"_Install.Progress.Percent.comments": "Message used for accessibility to read out the (%) installed. e.g. 10% installed.",
	"Uninstall.Progress.Percent": "{0}% uninstalled.",
	"_Uninstall.Progress.Percent.comments": "Message used for accessibility to read out the (%) uninstalled while uninstallAll.;e.g. 10% uninstalled.",
	"Invalid.Nickname": "The nickname cannot contain characters that cannot appear in a file name",
	"_Invalid.Nickname.comments": "Indicates that the user's selected nickname has invalid characters",
	"Invalid.Nickname.Verbose": "The nickname \"{0}\" is invalid. It cannot contain characters that cannot appear in a file name.",
	"_Invalid.Nickname.Verbose.comments": "A verbose message indicating that the nickname for an installed product has invalid characters;{0}: the nickname for the product",
	"Nickname.Required": "A nickname must be provided to disambiguate this install",
	"_Nickname.Required.comments": "Indicates that the user must supply a nickname",
	"Update.Requires.Reselecting.Packages": "When updating from Visual Studio 2017 RC to Visual Studio RTW, you will be required to re-select your workloads and components.",
	"_Update.Requires.Reselecting.Packages.comments": "Updating from pre-release VS to RTW VS requires re-selecting the workloads and;components the user wants installed.",
	"Nickname.Not.Unique": "The nickname \"{0}\" is not unique",
	"_Nickname.Not.Unique.comments": "Indicates that the user's selected nickname isn't unique",
	"Product.With.Nickname.Title": "{0} ({1})",
	"_Product.With.Nickname.Title.comments": "The string to use for the title of a product with a nickname;{0}: the name of the product;{1}: the nickname for the product",
	"Product.With.Suffix.Title": "{0} {1}",
	"_Product.With.Suffix.Title.comments": "The string to use for the title of a product with a special modifier;{0}: the name of the product;{1}: the suffix for the product, example: Preview",
	"Product.With.Version.Title": "{0} Version {1}",
	"_Product.With.Version.Title.comments": "The string read out to visually impaired users;{0}: name of the product;{1}: The version",
	"Remove.Channel.Prompt": "You are removing {0}. You won't see this section anymore.",
	"_Remove.Channel.Prompt.comments": "Prompts the user to ensure that they want to remove a channel",
	"Nickname.Too.Long": "The nickname cannot be longer than {0} characters",
	"_Nickname.Too.Long.comments": "Indicates that the nickname for an installed product is too long;{0}: the maximum length of a nickname (a number)",
	"List.Item.Name.And.Position": "{0}, {1} of {2}",
	"_List.Item.Name.And.Position.comments": "The string to read to a user using a screen reader, '{name} {index} of {size}'",
	"Select.A.Language.Pack": "Select a language pack to continue the installation.",
	"Start.Visual.Studio.Now": "Start Visual Studio now",
	"Getting.Things.Ready": "Getting things ready...",
	"_Getting.Things.Ready.comments": "A string shown on a loading screen",
	"Almost.There": "Almost there...",
	"_Almost.There.comments": "A loading message shown to the user when the product loads from the command line",
	"Taking.Longer.Time.To.Load.Product": "This is taking longer than we expected...",
	"_Taking.Longer.Time.To.Load.Product.comments": "This message shown to the user when product takes more than 5 seconds to load.",
	"System.Drive.Install.Size": "System drive ({0}) {1}",
	"_System.Drive.Install.Size.comments": "Text displayed for the size to be installed to the system drive",
	"Target.Drive.Install.Size": "Install location ({0}) {1}",
	"_Target.Drive.Install.Size.comments": "Text displayed for the size to be installed to the target drive",
	"Shared.Drive.Install.Size": "Shared location ({0}) {1}",
	"_Shared.Drive.Install.Size.comments": "Text displayed for the size to be installed to the shared drive",
	"Not.Enough.Disk.Space.Warning.Text": "You might not have enough space on drive {0}.",
	"_Not.Enough.Disk.Space.Warning.Text.comments": "Text displayed to warn the user they may not have enough space;{0} - drive letter e.g. D 'You might not have enough space on drive D.'",
	"Not.Enough.Disk.Space.Text": "Your hard drive is full. Please free up space and try again.",
	"_Not.Enough.Disk.Space.Text.comments": "Text displayed to warn the user they do not have enough disk space and must free up space.",
	"Error.Survey.Prompt.Title": "Tell us what went wrong",
	"_Error.Survey.Prompt.Title.comments": "The title for the survey prompt when an error occurs",
	"Error.Survey.Prompt.Message": "We noticed something went wrong with your Visual Studio installation. Would you please take a short survey to help us improve the experience?",
	"_Error.Survey.Prompt.Message.comments": "The survey prompt message shown when an error occurs",
	"Artifact.Selection.Warning.Title": "The following IDs could not be installed...",
	"Invalid.Artifact.Id": "No matching workload or component found.",
	"More": "More",
	"_More.comments": "Button label. Indicating More options",
	"Net.Install.Size.To.Drive": "Net install size to {0}",
	"_Net.Install.Size.To.Drive.comments": "Text used for accessibility. The input should include the drive name and size;e.g. Net install size to System drive (C:\\\\) 180MB",
	"Launch.After.Installation": "Start after installation",
	"_Launch.After.Installation.comments": "Text used as a label for the autolaunch checkbox",
	"Install.Recommend.Workload.Selection.Title": "Do you want to continue without workloads?",
	"_Install.Recommend.Workload.Selection.Title.comments": "Title of dialog that the user has not selected any workloads.",
	"Install.Recommend.Workload.Selection.Message": "The core Visual Studio editor can open folders, edit files, and manage work items. Visual Studio needs to install additional components to create, open, and debug projects for desktop, mobile, and cloud apps.",
	"_Install.Recommend.Workload.Selection.Message.comments": "A message that the user has not selected any workloads.",
	"addWorkloads": "Add Workloads",
	"_addWorkloads.comments": "Button label for suggesting to add workloads",
	"Install.Recommend.Workload.Selection.Link.Text": "Learn more about workloads and components",
	"_Install.Recommend.Workload.Selection.Link.Text.comments": "Link text to learn more on workloads and components.",
	"Survey.RejectRecommendedSelection.Title": "Please tell us more",
	"_Survey.RejectRecommendedSelection.Title.comments": "The title for the survey RejectRecommendedSelection prompt",
	"Survey.RejectRecommendedSelection.Message": "Your installation has started. While that's happening, we'd like to ask you a few questions about how you’ll be using Visual Studio. This survey will open in your default web browser.",
	"_Survey.RejectRecommendedSelection.Message.comments": "The survey RejectRecommendedSelection prompt message",
	"Survey.RejectRecommendedSelection.OkText": "Take survey",
	"_Survey.RejectRecommendedSelection.OkText.comments": "The Ok button text for the survey RejectRecommendedSelection prompt",
	"Not.Installing.Visual.Studio.Survey.Message": "We'd like to learn more about why you decided not to install Visual Studio. This will help us improve the experience for you and other users.",
	"_Not.Installing.Visual.Studio.Survey.Message.comments": "The message shown when a user chooses not to install VS",
	"Resume": "Resume",
	"Setup.Paused.With.Issues": "Setup paused. There was a problem",
	"Setup.Paused": "Setup paused",
	"Pause": "Pause",
	"Installing.Visual.Studio.Download.Complete": "Downloaded",
	"_Installing.Visual.Studio.Download.Complete.comments": "The message shown when downloaded is completed while install",
	"Installing.Visual.Studio.Download.Header": "Downloading and verifying:",
	"_Installing.Visual.Studio.Download.Header.comments": "The message shown when packages are downloading while install",
	"Installing.Visual.Studio.Install.Rate.Message": "{0} of {1}",
	"_Installing.Visual.Studio.Install.Rate.Message.comments": "The message shown while install product for bitrate and package install rate;{0} - will conatin value at that moment.  eg: 100, 100 GB;{1} - will contain target value. eg: 200, 200 GB",
	"Installing.Visual.Studio.Install.Estimated.Rate.Message": "{0} of {1}",
	"_Installing.Visual.Studio.Install.Estimated.Rate.Message.comments": "The message shown while install product for estimated package download rate;{0} - will conatin value at that moment.  eg: 100, 100 GB;{1} - will contain target value. eg: 200, 200 GB",
	"Installing.Visual.Studio.Download.Speed": "( {0}{1} )",
	"_Installing.Visual.Studio.Download.Speed.comments": "This message contains value of user internet speed while download.;{0} - contains numberic value in bytes e.g. 10 MB, 50 KB;{1} - this value comes from resourcestring  perSecond method.",
	"Installing.Visual.Studio.Install.Per.Second": "/sec",
	"_Installing.Visual.Studio.Install.Per.Second.comments": "Appended to show bit rates while download. e.g 5 MB/sec, 3 GB/sec, 6 TB/sec",
	"Installing.Visual.Studio.Install.Package.Header": "Installing:",
	"_Installing.Visual.Studio.Install.Package.Header.comments": "This message shown as package install rate header displayed while installing product.",
	"Installing.Visual.Studio.Install.Package.Message": "package ",
	"_Installing.Visual.Studio.Install.Package.Message.comments": "This message shown as package install rate message displayed while installing product.",
	"Install.Blocked.By.Channel.Operation": "We are in the middle of checking for updates. Please wait a minute and try again.",
	"_Install.Blocked.By.Channel.Operation.comments": "A warning message that the install operation timed out waiting on another operation.",
	"Generic.Error.Message": "Sorry, there's a problem with the Visual Studio Installer",
	"_Generic.Error.Message.comments": "A warning message telling the user something went wrong.",
	"Failed.Package.Action.Install": "install",
	"_Failed.Package.Action.Install.comments": "Package failed error occuerred while INSTALL action.;This is substring in ResouceString.failedPackageActionWithId as {action}",
	"Failed.Package.Action.Download": "download",
	"_Failed.Package.Action.Download.comments": "Package failed error occuerred while DOWNLOAD action.;This is substring in ResouceString.failedPackageActionWithId as {action}",
	"Failed.Package.Action.Repair": "repair",
	"_Failed.Package.Action.Repair.comments": "Package failed error occuerred while REPAIR action.;This is substring in ResouceString.failedPackageActionWithId as {action}",
	"Failed.Package.Action.Uninstall": "uninstall",
	"_Failed.Package.Action.Uninstall.comments": "Package failed error occuerred while UNINSTALL action.;This is substring in ResouceString.failedPackageActionWithId as {action}",
	"Failed.Package.Action.Cache": "cache",
	"_Failed.Package.Action.Cache.comments": "Package failed error occuerred while CACHE action.;This is substring in ResouceString.failedPackageActionWithId as {action}",
	"Failed.Package.Action.Default": "process",
	"_Failed.Package.Action.Default.comments": "Package failed with unknown/None action.;This is substring in ResouceString.failedPackageActionWithId as {action}",
	"Focused.UI.Launch.Prompt": "You already have the frameworks, SDKs, and tools installed that you need for the development work you selected. You can always add more by running 'Visual Studio Installer'.",
	"_Focused.UI.Launch.Prompt.comments": "The prompt displayed in the focused UI when no workloads or components need to be installed",
	"Underlying.Stream.Closed.Prompt": "We detected a critical installer process was terminated. Would you like to send us feedback?",
	"_Underlying.Stream.Closed.Prompt.comments": "Message displayed to the user when we detected an issue during installation.",
	"Generic.Error.Prompt": "Visual Studio Installer has run into a problem. Would you like to send us feedback?",
	"_Generic.Error.Prompt.comments": "Message displayed to the user when we detect that something is failing.",
	"Recommended.Workload.Category": "Recommended",
	"_Recommended.Workload.Category.comments": "The category for recommended workloads.",
	"Installation.Location.Text": "Visual Studio IDE",
	"_Installation.Location.Text.comments": "Installation path selector lable text",
	"Details.Page.Change.Button.Aria.Text": "Change installation locations",
	"_Details.Page.Change.Button.Aria.Text.comments": "Tooltip/Aria text for 'change' link button on details page",
	"Installation.Locations.Page.Shared.Installation.Location.Header": "Shared components, tools, and SDKs",
	"_Installation.Locations.Page.Shared.Installation.Location.Header.comments": "Shared installation location header text used in in details - installation page",
	"Installation.Locations.Page.Shared.Installation.Location.Information.Tip.Text": "This location contains shared files for side-by-side\nVisual Studio installations. Some tools and SDKs install\nto a location on this drive, while some others might\noverride this setting and install to another drive.",
	"_Installation.Locations.Page.Shared.Installation.Location.Information.Tip.Text.comments": "Shared installation location information tip text used in in details - installation page.;Note: The newlines should be after about 55 characters in the localized string and should break between words",
	"Installation.Locations.Installation.Location.Information.Tip.Text": "This location is for files that are specific to this\nversion of Visual Studio. If you have a solid-state\nsystem drive, we recommend that you accept the\ndefault location to run Visual Studio faster.",
	"_Installation.Locations.Installation.Location.Information.Tip.Text.comments": "This text is used as information tip for install location in details - installation page.;This is used to give information about VS install location;Note: The newlines should be after about 55 characters in the localized string and should break between words",
	"Installation.Locations.Page.Language.Pack.Subtitle.Text": "You can add additional language packs to your Visual Studio installation.",
	"_Installation.Locations.Page.Language.Pack.Subtitle.Text.comments": "This text is used as language pack Subtitle in details - installation page.",
	"Nickname.Placeholder.Text": "10 characters maximum",
	"_Nickname.Placeholder.Text.comments": "Placeholder for nickname textbox on install dialog when it is empty",
	"Install.Location.Size.Live.Region.Accessibility.Text": "{0} size {1}",
	"_Install.Location.Size.Live.Region.Accessibility.Text.comments": "Live region accessibility text for sizes in installation locations page;{0} - label of location like 'download cache', 'shared components';{1} - like 100 GB , 300 MB;e.g. Download cache size 12 GB",
	"Filter.Components.Results.Accessibility.Text": "{0} Components, {1} filtered.",
	"_Filter.Components.Results.Accessibility.Text.comments": "Live region accessibility text for filtering components results",
	"Survey.Prompt.Title": "Tell us more",
	"_Survey.Prompt.Title.comments": "Default title displayed when asking the user to take a survey",
	"Survey.Prompt.Message": "We'd like to ask you a few questions about your Visual Studio experience. The survey will open in your default web browser.",
	"_Survey.Prompt.Message.comments": "The default message shown to the user when asked to take a survey",
	"Install.Select.Title": "If you have a slower internet connection, select \"Download all, then install\".  The installation will start after all of your packages have been downloaded.",
	"_Install.Select.Title.comments": "Title of the select combobox in the details page for choosing install options.",
	"Cannot.Specify.Install.Path.Twice": "The install path cannot be provided with both --{0} and --{1}.",
	"_Cannot.Specify.Install.Path.Twice.comments": "Error message shown to the user when they specify the install path two ways on the cmdline",
	"Path.Name.Must.Be.Unique": "The path '{0}' was provided more than once.",
	"_Path.Name.Must.Be.Unique.comments": "Error message shown when the user provides the same path name multiple times on the cmdline",
	"Install.While.Downloading": "Install while downloading",
	"_Install.While.Downloading.comments": "Text of an option in the select combobox for choosing install options.",
	"Download.Then.Install": "Download all, then install",
	"_Download.Then.Install.comments": "Text of an option in the select combobox for choosing install options.",
	"Invalid.Path.Parameter": "The provided path '{0}' is invalid.",
	"_Invalid.Path.Parameter.comments": "Error message shown when the user provides an invalid path parameter, like missing an =",
	"Details.Page.SSD.Warning.Dialog.Title": "Change Visual Studio IDE default location?",
	"_Details.Page.SSD.Warning.Dialog.Title.comments": "Title text for SSD warning dialog which shows on details page.",
	"Details.Page.SSD.Warning.Dialog.Message": "You have a solid-state system drive. You can install the Visual Studio IDE on a non-SSD drive, but it will affect performance and cause it to run slower.",
	"_Details.Page.SSD.Warning.Dialog.Message.comments": "Message text for SSD warning dialog which shows on details page.",
	"Visual.Studio.IDE.Required.Size": "The Visual Studio IDE requires {0}.",
	"_Visual.Studio.IDE.Required.Size.comments": "Message text shown when installing to non-SSD. e.g. The VS IDE requires 5.06 GB",
	"Details.Page.SSD.Warning.Dialog.Radiogroup.Header": "What would you like to do?",
	"_Details.Page.SSD.Warning.Dialog.Radiogroup.Header.comments": "Message text for SSD warning dialog which shows on details page.",
	"Install.On.System.Drive.Text": "Install on system drive (recommended)",
	"_Install.On.System.Drive.Text.comments": "Radio button option recommending user to install on their System drive",
	"Continue.With.My.Choice": "Continue with my choice",
	"_Continue.With.My.Choice.comments": "Radio button option to install the VS IDE to their current install path choice",
	"Installation.Path.Text": "Installation path: {0}",
	"_Installation.Path.Text.comments": "Label below radio button displaying what path the option will install to.;e.g. Install path: C:\\\\path",
	"Products.Update.Check.Started": "Checking for updates...",
	"_Products.Update.Check.Started.comments": "Text displayed while products update check starts",
	"Products.Update.Check.Finished.No.Updates": "Up to date",
	"_Products.Update.Check.Finished.No.Updates.comments": "Text displayed while products update check finshed and there are no updates.",
	"Products.Update.Check.Finished.Update.Available": "Updates available",
	"_Products.Update.Check.Finished.Update.Available.comments": "Text displayed while products update check finshed and any updates found.",
	"Installing.To.Non.SSD.Warning.Message": "This drive will affect the performance of Visual Studio and cause it to run slower.",
	"_Installing.To.Non.SSD.Warning.Message.comments": "Error message shown when the user is installing to a non solid state drive",
	"System.Cache.Install.Size.Label": "System cache, tools, and SDKs with fixed locations",
	"_System.Cache.Install.Size.Label.comments": "Label describing the install size for the system cache",
	"Preview.Update.Description": "This product is already installed. Click \"{0}\" to update to version {1}.",
	"_Preview.Update.Description.comments": "Descriptive text shown on update preview dialog;{0} - The localized name of the update button;{1} - The version to update to",
	"Update.Version.Label": "Update version:",
	"_Update.Version.Label.comments": "Label for update version",
	"Current.Version.Label": "Current version:",
	"_Current.Version.Label.comments": "Label for current version",
	"Last.Updated.Label": "Last updated:",
	"_Last.Updated.Label.comments": "Label for when the product was last updated",
	"Add.Components.Header": "Add components",
	"_Add.Components.Header.comments": "Header for a list of components the user can add on update",
	"Import.Installation.Modal.Title": "Import installation configuration",
	"_Import.Installation.Modal.Title.comments": "Title of a modal promting the user to select a file to import",
	"Import.Installation.Modal.Picker.Label": "Import location",
	"_Import.Installation.Modal.Picker.Label.comments": "Label for an open file dialog to pick a configuration file to import",
	"Import.Installation.Modal.Description": "You can keep workloads and components consistent by importing an installation configuration.",
	"_Import.Installation.Modal.Description.comments": "Description for an open file dialog used to import a configuration",
	"Import.Installation.FileRead.Error.Dialog.Title": "We can’t open your file",
	"_Import.Installation.FileRead.Error.Dialog.Title.comments": "Title of error dialog that appears when failing to open the requested file.",
	"Import.Installation.Invalid.FilePath.Error": "There was a problem opening {0}. Make sure that it exists and that you have permissions to open it.",
	"_Import.Installation.Invalid.FilePath.Error.comments": "Error message that appears when failing to open a file;{0} - a file name",
	"Import.Installation.Missing.Property.Error": "There was a problem opening {0}. It's missing the required field {1}.",
	"_Import.Installation.Missing.Property.Error.comments": "Error message that appears when a file doesn't contain a required property;{0} - a file name",
	"Import.Installation.Invalid.Json.Error": "There was a problem opening {0}. It's not a valid json file.",
	"_Import.Installation.Invalid.Json.Error.comments": "Error message that appears when a file is not in the json format;{0} - a file name",
	"Export.Installation.Page.Title": "You can keep workloads and components consistent by exporting an installation configuration.",
	"_Export.Installation.Page.Title.comments": "Title for the export installation page",
	"Export.Installation.Page.Picker.Label": "Export Location",
	"_Export.Installation.Page.Picker.Label.comments": "Label for a save dialog picker used to export a configuration",
	"Export.Installation.Success.Dialog.Text": "The installation configuration was succesfully exported.",
	"_Export.Installation.Success.Dialog.Text.comments": "Message displayed when installation configuration export is successfull",
	"Export.Installation.Success.Open.Folder.Link.Text": "Open Folder in File Explorer",
	"_Export.Installation.Success.Open.Folder.Link.Text.comments": "Link that will open file explorer in the folder where the file was saved.",
	"Import.Installation.Success.Message": "The installation configuration was successfully imported.",
	"_Import.Installation.Success.Message.comments": "Success message after importing a configuration",
	"Export.Error.Title": "Unable to export",
	"_Export.Error.Title.comments": "Error title for an export operation dialog",
	"Export.Error.Message": "There was a problem exporting your installation configuration file.",
	"_Export.Error.Message.comments": "Error message for an export operation dialog",
	"Retired.Channel.Warning.Message": "This product version is no longer supported.",
	"_Retired.Channel.Warning.Message.comments": "Message below a product to warn that the channel is retired",
	"Unsupported.Command.For.Retired.Channel": "This product version is no longer supported. Please upgrade to the latest version of Visual Studio.",
	"_Unsupported.Command.For.Retired.Channel.comments": "Message shown when the user tries to run an unsupported command on a retired channel",
	"Retired.Channel.With.Multiple.Products.Description.Text": "The following product versions are no longer supported:",
	"_Retired.Channel.With.Multiple.Products.Description.Text.comments": "Text shown below a channel letting the user know the following products are not supported",
	"Retired.Channel.With.Single.Product.Description.Text": "The following product version is no longer supported:",
	"_Retired.Channel.With.Single.Product.Description.Text.comments": "Text shown below a channel letting the user know the following product is not supported",
	"Remove.These.Versions": "Remove these versions",
	"_Remove.These.Versions.comments": "Link text, as in remove these products from the UI",
	"Download.The.Latest.Version": "Download the latest version",
	"_Download.The.Latest.Version.comments": "Link text that will bring the user to the latest version in their web browser",
	"Retired.Channel.Warning.Message.For.Layout.Installation": "This product version is no longer supported and setup might not work as expected.",
	"_Retired.Channel.Warning.Message.For.Layout.Installation.comments": "Message shown when the user has an installation from a layout from a channel that is retired",
	"Retired.Channel.Focused.Warning.Message": "This product version is no longer supported. To add tools and features, please upgrade to the latest version of Visual Studio.",
	"_Retired.Channel.Focused.Warning.Message.comments": "Message shown on the details page preventing the user from continuing.",
	"Export.Installation.Modal.Title": "Export installation configuration",
	"_Export.Installation.Modal.Title.comments": "Title for a file picker dialog to choose where to export a config file",
	"Export.Picker.Label": "Export location",
	"_Export.Picker.Label.comments": "Label for the export dialog file picker",
	"Focused.Ui.Ipa.Title": "We recommend that you install the following:",
	"_Focused.Ui.Ipa.Title.comments": "Title shown on the focused UI when started from VS",
	"VS.Will.Save.And.Reopen.Message": "Visual Studio will close and reopen.",
	"_VS.Will.Save.And.Reopen.Message.comments": "Message shown when installing to let the user know VS will automatically close and reopen",
	"View.Full.Installation.Details.Link": "View full installation details",
	"_View.Full.Installation.Details.Link.comments": "Link to open the full install UI to change what is installed",
	"Installed.Product.VS.Downalod.Link": "Get the latest version",
	"_Installed.Product.VS.Downalod.Link.comments": "Link to open VS download page when there are no products installed.",
	"Zero.Installed.Product.Message": "You haven't installed anything yet.",
	"_Zero.Installed.Product.Message.comments": "Message showed when there are no installed products.",
	"Go.To.Available.Tab.Link": "Select from {0}",
	"_Go.To.Available.Tab.Link.comments": "Link to go to available product tab in home screen.;availableTabName - Availableheader e.g. Select from Available",
	"View.Details": "View details",
	"_View.Details.comments": "Label of link which shows update details of installed product.",
	"View.Details.AccessibilityText": "{0} view details",
	"_View.Details.AccessibilityText.comments": "{0}: Product name e.g. Visual Studio Enterprise 2019",
	"Empty.Available.Product.Message": "You don't have anything yet.",
	"_Empty.Available.Product.Message.comments": "Message showed when there are no available products.",
	"Need.Some.Help.Secion": "<div>\\\r\n                Need help? Check out the <a class='intext-link' href='https://go.microsoft.com/fwlink/?linkid=834731'>Microsoft Developer Community</a> or reach us via <a class='intext-link' href='https://go.microsoft.com/fwlink/?linkid=834732'>Visual Studio Support</a>.\\\r\n            </div>",
	"_Need.Some.Help.Secion.comments": "Section to help users through the community and support links;The html formatting and links should not be localized, ignore the escape character (\\\\).",
	"Developer.News.Title": "Developer News",
	"_Developer.News.Title.comments": "Title for developer news section",
	"View.More.Online.Link": "View more online...",
	"_View.More.Online.Link.comments": "Link text to see more news online",
	"More.News.Tooltip": "View more developer news in your browser",
	"_More.News.Tooltip.comments": "Tooltip for users hovering over the more news link",
	"Developer.Feed.Loading.Text": "Updating the news channel...",
	"_Developer.Feed.Loading.Text.comments": "Text shown when the developer news is downloading",
	"Developer.Feed.Failed.To.Download.Text": "We are unable to download the content due to network issues.",
	"_Developer.Feed.Failed.To.Download.Text.comments": "Text shown when the developer feed fails to load. Shown with retry button",
	"App.Version.Text": "Installer Version {0}",
	"_App.Version.Text.comments": "The label for the version of the app. {0} is the installer version e.g. 2.0.1000",
	"Focused.Ui.Tailored.Install.Modify.Title": "This product is already installed. We'll add the frameworks, SDKs, and tools that you'll need.",
	"_Focused.Ui.Tailored.Install.Modify.Title.comments": "Title shown when user comes from a tailored install, but a modify is performed",
	"Launch.Banner.Launch.Button.Accessibility.Text": "Launch Visual Studio",
	"_Launch.Banner.Launch.Button.Accessibility.Text.comments": "After successful installation, launch banner shows with launch button focused.",
	"Component.Search.Placeholder": "Search components (Ctrl+Q)",
	"_Component.Search.Placeholder.comments": "placeholder text showing up in the individual components tab search box",
	"Component.Search.Button.Tooltip": "Clear search",
	"_Component.Search.Button.Tooltip.comments": "tooltip text for the X button responsible for resetting the component filter",
	"Added.Package": "Added {0}",
	"_Added.Package.comments": "Text read to the user when using a screen reader and a package is added to install",
	"Removed.Package": "Removed {0}",
	"_Removed.Package.comments": "Text read to the user when using a screen reader and a package is removed from the install list"
}