{
    "__comment": "The default values that are returned by Remote Settings if a Remote Setting doesn't exist.",
    "Installer": {
        "Features": {
            "__comment": "True enables feature, False turns feature off",
            "Surveys" : false,
            "RecommendSel" : false,
            "ShowBitrate" : false,
            "RecWklds": false,
            "SortWklds": false,
            "CloudFirstDesc": false,
            "CloudNativeDesc": false,
            "InstallationOptionsPageKS": false,
            "ProblemsDlgRetry": false,
            "CommonError":  false,
            "ProblemsDlgButtons": false,
            "DownloadThenUpdate": false,
            "WelcomePane": false,
            "ComponentSearch":  true
        }
    }
}